ticker,company_name,sector_b3,subsector_b3,listed_from,listed_to,prior_tickers,cnpj,notes
AALR3.SA,Alliança Saúde E Participações S.A.,Saúde,,,,,,
ABCB3.SA,Bco Abc Brasil S.A,Financeiro,,,,,,
ABCB4.SA,Bco Abc Brasil S.A.,Financeiro,,,,,,
ABEV3.SA,Ambev S.A.,Consumo Não Cíclico,Bebidas,1995-05-31,,,07526557000100,
ABYA3.SA,,Outros,,,,,,
ACES3.SA,Aracruz Celulose S.A,Materiais Básicos,,,,,,
ACES4.SA,Aracruz Celulose S.A,Materiais Básicos,,,,,,
ADHM3.SA,,Outros,,,,,,
ADMF3.SA,,Outros,,,,,,
AEDU11.SA,Anhanguera Educacional Participacoes S.A Unt,Bens Industriais,,,,,,
AEDU3.SA,Anhanguera Educacional Participacoes S.A,Bens Industriais,,,,,,
AELP3.SA,,Outros,,,,,,
AERI3.SA,Aeris Ind. E Com. De Equip. Geracao De Energia S/A,Bens Industriais,,,,,,
AESB3.SA,,Outros,,,,,,
AESL3.SA,,Outros,,,,,,
AESL4.SA,,Outros,,,,,,
AFLT3.SA,,Outros,,,,,,
AFLU3.SA,,Outros,,,,,,
AFLU5.SA,,Outros,,,,,,
AGEI3.SA,,Outros,,,,,,
AGIN3.SA,,Outros,,,,,,
AGRO3.SA,Brasilagro - Cia Bras De Prop Agricolas,Financeiro,,,,,,
AGXY3.SA,Agrogalaxy Participações S.A.,Consumo Não Cíclico,,,,,,
AHEB3.SA,,Outros,,,,,,
AHEB5.SA,,Outros,,,,,,
AHEB6.SA,,Outros,,,,,,
ALBA3.SA,,Outros,,,,,,
ALLD3.SA,Allied Tecnologia S.A.,Tecnologia da Informação,,,,,,
ALLL11.SA,All America Latina Logistica S.A Unt,Bens Industriais,,,,,,
ALLL3.SA,All America Latina Logistica S.A,Bens Industriais,,,,,,
ALLL4.SA,All America Latina Logistica S.A,Bens Industriais,,,,,,
ALOS3.SA,Allos S.A.,Consumo Não Cíclico,Comércio e Distribuição,2006-02-06,,,07628528000159,fusão Aliansce Sonae + brMalls 2023
ALPA3.SA,,Outros,,,,,,
ALPA4.SA,Alpargatas S.A.,Consumo Cíclico,Tecidos Vestuário e Calçados,1969-12-30,,,61079117000115,
ALPK3.SA,Allpark Empreendimentos Participacoes Servicos S.A,Consumo Cíclico,,,,,,
ALSC3.SA,,Outros,,,,,,
ALUP11.SA,Alupar Investimento S/A,Utilidade Pública,,,,,,
ALUP3.SA,Alupar Investimento S/A,Utilidade Pública,,,,,,
ALUP4.SA,Alupar Investimento S/A,Utilidade Pública,,,,,,
AMAR3.SA,Marisa Lojas S.A.,Consumo Cíclico,,,,,,
AMBP3.SA,Ambipar Participacoes E Empreendimentos S/A,Bens Industriais,,,,,,
AMBV3.SA,Ambev S.A,Consumo Não Cíclico,,,,,,
AMBV4.SA,Ambev S.A,Consumo Não Cíclico,,,,,,
AMER3.SA,Americanas S.A,Consumo Cíclico,,,,,,
AMIL3.SA,Amil Participacoes S.A,Saúde,,,,,,
AMOB3.SA,Automob Participações S.A.,Consumo Cíclico,,,,,,
AMPI3.SA,,Outros,,,,,,
ANIM3.SA,Anima Holding S.A.,Consumo Cíclico,,,,,,
APER3.SA,,Outros,,,,,,
APTI4.SA,,Outros,,,,,,
ARCE3.SA,,Outros,,,,,,
ARCZ3.SA,Aracruz Celulose S.A,Materiais Básicos,,,,,,
ARCZ6.SA,Aracruz Celulose S.A,Materiais Básicos,,,,,,
ARLA3.SA,,Outros,,,,,,
ARLA4.SA,,Outros,,,,,,
ARML3.SA,Armac Locação Logística E Serviços S.A.,Financeiro,,,,,,
ARND3.SA,,Outros,,,,,,
ARPS3.SA,,Outros,,,,,,
ARPS4.SA,,Outros,,,,,,
ARTE3.SA,,Outros,,,,,,
ARTE4.SA,,Outros,,,,,,
ARTR3.SA,,Outros,,,,,,
ASAI3.SA,Sendas Distribuidora,Consumo Não Cíclico,Comércio e Distribuição,2021-03-01,,,06057223000171,spin-off do GPA
ASSM3.SA,,Outros,,,,,,
ASSM4.SA,,Outros,,,,,,
ASTA4.SA,,Outros,,,,,,
ATED3.SA,,Outros,,,,,,
AUAU3.SA,União Pet Participações S.A,Materiais Básicos,,,,,,
AURE3.SA,Auren Energia S.A.,Utilidade Pública,,,,,,
AUTM3.SA,,Outros,,,,,,
AVIL3.SA,,Outros,,,,,,
AVLL3.SA,Alphaville S.A.,Financeiro,,,,,,
AXIA3.SA,,Outros,,,,,,
AXIA6.SA,,Outros,,,,,,
AZEV3.SA,Azevedo E Travassos S.A.,Bens Industriais,,,,,,
AZEV4.SA,Azevedo E Travassos S.A.,Bens Industriais,,,,,,
AZTE3.SA,Azevedo & Travassos Energia S.A.,Petróleo Gás e Biocombustíveis,,,,,,
AZUL3.SA,Azul S.A.,Bens Industriais,,,,,,
AZUL4.SA,Azul S.A.,Bens Industriais,Transporte,2017-04-11,,,09305994000129,
AZZA3.SA,Azzas 2154 S.A.,Consumo Não Cíclico,,,,,,
B3SA3.SA,B3 S.A. - Brasil Bolsa Balcão,Financeiro,Serviços Financeiros Diversos,2008-08-26,,BVMF3,09346601000125,fusão BM&F + Bovespa
BAHI11.SA,,Outros,,,,,,
BAHI4.SA,,Outros,,,,,,
BAHI5.SA,,Outros,,,,,,
BALM3.SA,,Outros,,,,,,
BALM4.SA,Baumer S.A.,Saúde,,,,,,
BAUH4.SA,,Outros,,,,,,
BAZA3.SA,Bco Amazonia S.A.,Financeiro,,,,,,
BBAS3.SA,Banco do Brasil,Financeiro,Bancos,1906-12-15,,,00000000000191,
BBDC3.SA,Bco Bradesco S.A.,Financeiro,,,,,,
BBDC4.SA,Bradesco PN,Financeiro,Bancos,1968-01-01,,,60746948000112,
BBSE3.SA,BB Seguridade,Financeiro,Previdência e Seguros,2013-04-29,,,17344036000105,
BBTG11.SA,,Outros,,,,,,
BCAL6.SA,,Outros,,,,,,
BDLL3.SA,,Outros,,,,,,
BDLL4.SA,Bardella S.A. Industrias Mecanicas,Bens Industriais,,,,,,
BECE3.SA,,Outros,,,,,,
BECE4.SA,,Outros,,,,,,
BEEF3.SA,Minerva S.A.,Consumo Não Cíclico,,,,,,
BEES3.SA,Banestes S.A. - Bco Est Espirito Santo,Financeiro,,,,,,
BEES4.SA,Banestes S.A. - Bco Est Espirito Santo,Financeiro,,,,,,
BELG3.SA,,Outros,,,,,,
BELG4.SA,,Outros,,,,,,
BEMA3.SA,,Outros,,,,,,
BERG3.SA,,Outros,,,,,,
BESP3.SA,,Outros,,,,,,
BESP4.SA,,Outros,,,,,,
BFIT3.SA,,Outros,,,,,,
BFIT4.SA,,Outros,,,,,,
BGIP3.SA,,Outros,,,,,,
BGIP4.SA,,Outros,,,,,,
BHGR3.SA,,Outros,,,,,,
BHIA3.SA,Grupo Casas Bahia S.A.,Consumo Cíclico,,,,,,
BICB3.SA,,Outros,,,,,,
BICB4.SA,,Outros,,,,,,
BIDI11.SA,Banco Inter S.A Unt,Financeiro,,,,,,
BIDI3.SA,Banco Inter S.A,Financeiro,,,,,,
BIDI4.SA,Banco Inter S.A,Financeiro,,,,,,
BIED3.SA,,Outros,,,,,,
BIOM3.SA,Biomm S.A.,Saúde,,,,,,
BIOM4.SA,,Outros,,,,,,
BISA3.SA,,Outros,,,,,,
BLAU3.SA,Blau Farmacêutica S.A.,Saúde,,,,,,
BLUT3.SA,,Outros,,,,,,
BLUT4.SA,,Outros,,,,,,
BMEB3.SA,,Outros,,,,,,
BMEB4.SA,Bco Mercantil Do Brasil S.A.,Financeiro,,,,,,
BMEF3.SA,,Outros,,,,,,
BMGB11.SA,Banco Bmg S.A Unt,Financeiro,,,,,,
BMGB4.SA,Banco Bmg S.A.,Financeiro,,,,,,
BMIN3.SA,Banco Industrial Do Brasil S.A,Financeiro,,,,,,
BMIN4.SA,Banco Industrial Do Brasil S.A,Financeiro,,,,,,
BMKS3.SA,,Outros,,,,,,
BMOB3.SA,Bemobi Mobile Tech S.A.,Tecnologia da Informação,,,,,,
BMTO3.SA,Banco Mercantil Do Brasil S.A,Financeiro,,,,,,
BMTO4.SA,Banco Mercantil Do Brasil S.A,Financeiro,,,,,,
BNBR3.SA,Bco Nordeste Do Brasil S.A,Financeiro,,,,,,
BNBR4.SA,Bco Nordeste Do Brasil S.A,Financeiro,,,,,,
BNCA3.SA,,Outros,,,,,,
BOAS3.SA,Boa Vista Servicos S.A,Bens Industriais,,,,,,
BOBR3.SA,,Outros,,,,,,
BOBR4.SA,Bombril S.A.,Consumo Não Cíclico,,,,,,
BOVH3.SA,,Outros,,,,,,
BPAC11.SA,BTG Pactual,Financeiro,Bancos,2018-07-31,,,30306294000145,Unit (ON+PN)
BPAC3.SA,Bco Btg Pactual S.A.,Financeiro,,,,,,
BPAC5.SA,Bco Btg Pactual S.A,Financeiro,,,,,,
BPAN4.SA,Banco Pan S.A.,Financeiro,Bancos,,,,59285411000113,
BPAR3.SA,,Outros,,,,,,
BPHA3.SA,,Outros,,,,,,
BPIA3.SA,,Outros,,,,,,
BPNM3.SA,,Outros,,,,,,
BRAP3.SA,Bradespar S.A.,Financeiro,,,,,,
BRAP4.SA,Bradespar S.A.,Financeiro,,,,,,
BRAV3.SA,3R Petroleum,Petróleo Gás e Biocombustíveis,Exploração Refino e Distribuição,2020-11-09,,,12091809000155,
BRBI11.SA,Brbi Br Partners S.A.,Financeiro,,,,,,
BRFS3.SA,BRF S.A.,Consumo Não Cíclico,Alimentos Processados,2009-07-08,SADIA3|PRGA3,01838723000127,fusão Sadia + Perdigão,
BRGE11.SA,,Outros,,,,,,
BRGE3.SA,,Outros,,,,,,
BRGE5.SA,,Outros,,,,,,
BRGE6.SA,,Outros,,,,,,
BRGE7.SA,,Outros,,,,,,
BRGE8.SA,,Outros,,,,,,
BRIT3.SA,,Outros,,,,,,
BRIV3.SA,,Outros,,,,,,
BRIV4.SA,,Outros,,,,,,
BRKM3.SA,Braskem S.A.,Materiais Básicos,,,,,,
BRKM5.SA,Braskem,Materiais Básicos,Químicos,2002-05-02,,,42150391000170,
BRKM6.SA,,Outros,,,,,,
BRML3.SA,Br Malls Participacoes S.A,Financeiro,,,,,,
BRPR3.SA,Br Properties S.A,Financeiro,,,,,,
BRSR3.SA,,Outros,,,,,,
BRSR4.SA,,Outros,,,,,,
BRSR5.SA,,Outros,,,,,,
BRSR6.SA,Bco Estado Do Rio Grande Do Sul S.A.,Financeiro,,,,,,
BRST3.SA,Brisanet Serviços De Telecomunicações S.A.,Comunicações,,,,,,
BRTP3.SA,Brasil Telecom Participacoes S.A,Comunicações,,,,,,
BRTP4.SA,Brasil Telecom Participacoes S.A,Comunicações,,,,,,
BSCT3.SA,,Outros,,,,,,
BSCT5.SA,,Outros,,,,,,
BSCT6.SA,,Outros,,,,,,
BSEV3.SA,,Outros,,,,,,
BSGR3.SA,,Outros,,,,,,
BSLI3.SA,Brb Bco De Brasilia S.A.,Financeiro,,,,,,
BSLI4.SA,Brb Bco De Brasilia S.A.,Financeiro,,,,,,
BUET3.SA,,Outros,,,,,,
BUET4.SA,,Outros,,,,,,
CAFE3.SA,,Outros,,,,,,
CAFE4.SA,,Outros,,,,,,
CALI3.SA,,Outros,,,,,,
CALI4.SA,,Outros,,,,,,
CAMB3.SA,Cambuci S.A.,Consumo Não Cíclico,,,,,,
CAMB4.SA,,Outros,,,,,,
CAML3.SA,Camil Alimentos S.A.,Materiais Básicos,,,,,,
CASH3.SA,Méliuz S.A.,Bens Industriais,,,,,,
CASN3.SA,,Outros,,,,,,
CBAV3.SA,Companhia Brasileira De Alumínio,Materiais Básicos,,,,,,
CBEE3.SA,,Outros,,,,,,
CBMA3.SA,,Outros,,,,,,
CBMA4.SA,,Outros,,,,,,
CCHI3.SA,,Outros,,,,,,
CCHI4.SA,,Outros,,,,,,
CCIM3.SA,,Outros,,,,,,
CCRO3.SA,CCR,Bens Industriais,Transporte,2002-02-01,,,02846056000197,
CCTU4.SA,,Outros,,,,,,
CCTY3.SA,,Outros,,,,,,
CCXC3.SA,Ccx Carvao Da Colombia S.A,Petróleo Gás e Biocombustíveis,,,,,,
CEAB3.SA,Cea Modas S.A.,Consumo Cíclico,,,,,,
CEBR3.SA,,Outros,,,,,,
CEBR5.SA,,Outros,,,,,,
CEBR6.SA,CIA Energetica De Brasilia,Utilidade Pública,,,,,,
CEDO3.SA,,Outros,,,,,,
CEDO4.SA,Cia Fiacao Tecidos Cedro Cachoeira,Materiais Básicos,,,,,,
CEEB3.SA,CIA Energetica Da Borborema,Utilidade Pública,,,,,,
CEEB5.SA,CIA Energetica Da Borborema,Utilidade Pública,,,,,,
CEED3.SA,,Outros,,,,,,
CEED4.SA,,Outros,,,,,,
CEGR3.SA,Companhia De Gas Do Rio De Janeiro,Utilidade Pública,,,,,,
CELM3.SA,,Outros,,,,,,
CEPE3.SA,CIA Energetica De Pernambuco - Celpe,Utilidade Pública,,,,,,
CEPE5.SA,CIA Energetica De Pernambuco - Celpe,Utilidade Pública,,,,,,
CEPE6.SA,CIA Energetica De Pernambuco - Celpe,Utilidade Pública,,,,,,
CESP3.SA,CIA Energetica De Sao Paulo,Utilidade Pública,,,,,,
CESP4.SA,CIA Energetica De Sao Paulo,Utilidade Pública,,,,,,
CESP5.SA,CIA Energetica De Sao Paulo,Utilidade Pública,,,,,,
CESP6.SA,CIA Energetica De Sao Paulo,Utilidade Pública,,,,,,
CFLU4.SA,,Outros,,,,,,
CGAS3.SA,Companhia De Gas De Sao Paulo,Utilidade Pública,,,,,,
CGAS5.SA,Companhia De Gas De Sao Paulo,Utilidade Pública,,,,,,
CGOS3.SA,,Outros,,,,,,
CGOS4.SA,,Outros,,,,,,
CGRA3.SA,Grazziotin S.A,Consumo Cíclico,,,,,,
CGRA4.SA,Grazziotin S.A.,Consumo Cíclico,,,,,,
CIEL3.SA,Cielo S.A,Financeiro,,,,,,
CIQU3.SA,CIA Quimica Industrial E De Investimentos,Materiais Básicos,,,,,,
CIQU4.SA,CIA Quimica Industrial E De Investimentos,Materiais Básicos,,,,,,
CLAN3.SA,,Outros,,,,,,
CLAN4.SA,,Outros,,,,,,
CLSA3.SA,,Outros,,,,,,
CLSC3.SA,Centrais Elet De Santa Catarina S.A,Utilidade Pública,,,,,,
CLSC4.SA,Centrais Elet De Santa Catarina S.A,Utilidade Pública,,,,,,
CLSC5.SA,Centrais Elet De Santa Catarina S.A,Utilidade Pública,,,,,,
CLSC6.SA,Centrais Elet De Santa Catarina S.A,Utilidade Pública,,,,,,
CMET4.SA,Comercial Metais S.A,Materiais Básicos,,,,,,
CMIG11.SA,,Outros,,,,,,
CMIG3.SA,Cia Energetica De Minas Gerais - Cemig,Utilidade Pública,,,,,,
CMIG4.SA,Cemig PN,Utilidade Pública,Energia Elétrica,1969-12-30,,,17155730000164,
CMIN3.SA,Csn Mineração S.A.,Materiais Básicos,,,,,,
CMMA4.SA,,Outros,,,,,,
CNFB4.SA,Confab Industrial S.A,Bens Industriais,,,,,,
COCE3.SA,CIA Energetica Do Ceara - Coelce,Utilidade Pública,,,,,,
COCE5.SA,Cia Energetica Do Ceara - Coelce,Utilidade Pública,,,,,,
COCE6.SA,CIA Energetica Do Ceara - Coelce,Utilidade Pública,,,,,,
COGN3.SA,Cogna Educação S.A.,Bens Industriais,,,,,,
CORR3.SA,,Outros,,,,,,
CORR4.SA,,Outros,,,,,,
CPFE3.SA,Cpfl Energia S.A.,Utilidade Pública,,,,,,
CPFG3.SA,,Outros,,,,,,
CPFG4.SA,,Outros,,,,,,
CPFP4.SA,,Outros,,,,,,
CPLE11.SA,CIA Paranaense De Energia - Copel Unt,Utilidade Pública,,,,,,
CPLE3.SA,Cia Paranaense De Energia - Copel,Utilidade Pública,,,,,,
CPLE5.SA,CIA Paranaense De Energia - Copel,Utilidade Pública,,,,,,
CPLE6.SA,Copel PN,Utilidade Pública,Energia Elétrica,1994-04-12,,,76483817000120,
CPNY3.SA,,Outros,,,,,,
CPRE3.SA,Cpfl Piratininga S.A,Utilidade Pública,,,,,,
CPSL3.SA,Copesul - Companhia Petroquimica Do Sul,Materiais Básicos,,,,,,
CRBM3.SA,,Outros,,,,,,
CRBM7.SA,,Outros,,,,,,
CREM3.SA,,Outros,,,,,,
CREM4.SA,,Outros,,,,,,
CRFB3.SA,Carrefour Brasil S.A,Consumo Cíclico,,,,,,
CRIV3.SA,Banco Alfa De Investimento S.A,Financeiro,,,,,,
CRIV4.SA,Banco Alfa De Investimento S.A,Financeiro,,,,,,
CRPG3.SA,Tronox Pigmentos Do Brasil S.A,Materiais Básicos,,,,,,
CRPG5.SA,Tronox Pigmentos Do Brasil S.A.,Materiais Básicos,,,,,,
CRPG6.SA,Tronox Pigmentos Do Brasil S.A,Materiais Básicos,,,,,,
CRTP3.SA,Crt Celular Regional Telefonica,Comunicações,,,,,,
CRTP5.SA,Crt Celular Regional Telefonica,Comunicações,,,,,,
CRUZ3.SA,Souza Cruz S.A,Consumo Não Cíclico,,,,,,
CSAB3.SA,CIA Saneamento Bahia S.A,Utilidade Pública,,,,,,
CSAB4.SA,CIA Saneamento Bahia S.A,Utilidade Pública,,,,,,
CSAN3.SA,Cosan S.A.,Petróleo Gás e Biocombustíveis,Exploração Refino e Distribuição,2005-11-17,,,50746577000115,
CSED3.SA,Cruzeiro Do Sul Educacional S.A.,Consumo Cíclico,,,,,,
CSMG3.SA,Cia Saneamento De Minas Gerais-Copasa Mg,Utilidade Pública,,,,,,
CSNA3.SA,Companhia Siderúrgica Nacional,Materiais Básicos,Siderurgia e Metalurgia,1993-11-25,,,33042730000104,
CSPC3.SA,,Outros,,,,,,
CSPC4.SA,,Outros,,,,,,
CSRN3.SA,,Outros,,,,,,
CSRN5.SA,,Outros,,,,,,
CSRN6.SA,,Outros,,,,,,
CSTB3.SA,,Outros,,,,,,
CSTB4.SA,,Outros,,,,,,
CSUD3.SA,Csu Digital S.A.,Bens Industriais,,,,,,
CTAX3.SA,,Outros,,,,,,
CTIP3.SA,,Outros,,,,,,
CTKA3.SA,,Outros,,,,,,
CTKA4.SA,,Outros,,,,,,
CTNM3.SA,,Outros,,,,,,
CTNM4.SA,,Outros,,,,,,
CTPC3.SA,,Outros,,,,,,
CTPC4.SA,,Outros,,,,,,
CTSA3.SA,,Outros,,,,,,
CTSA4.SA,,Outros,,,,,,
CTSA8.SA,,Outros,,,,,,
CTWR3.SA,,Outros,,,,,,
CURY3.SA,Cury Construtora E Incorporadora S.A.,Financeiro,,,,,,
CVCB3.SA,CVC Brasil,Consumo Cíclico,Diversos,2013-12-09,,,10760260000119,
CXSE3.SA,Caixa Seguridade Participações S.A.,Financeiro,,,,,,
CYRE3.SA,Cyrela Realty,Consumo Cíclico,Construção Civil,2005-09-29,,,73178600000118,
CYRE4.SA,Cyrela Brazil Realty S.A.Empreend E Part,Financeiro,,,,,,
CZRS3.SA,,Outros,,,,,,
CZRS4.SA,,Outros,,,,,,
DASA3.SA,Diagnosticos Da America S.A.,Saúde,,,,,,
DAYC3.SA,,Outros,,,,,,
DAYC4.SA,,Outros,,,,,,
DESK3.SA,Desktop S.A.,Comunicações,,,,,,
DEXP3.SA,Dexxos Participacoes S.A.,Materiais Básicos,,,,,,
DEXP4.SA,Dexxos Participacoes S.A.,Materiais Básicos,,,,,,
DFVA3.SA,,Outros,,,,,,
DFVA4.SA,,Outros,,,,,,
DHBI3.SA,,Outros,,,,,,
DHBI4.SA,,Outros,,,,,,
DIRR3.SA,Direcional Engenharia S.A.,Financeiro,,,,,,
DJON4.SA,,Outros,,,,,,
DMFN3.SA,,Outros,,,,,,
DMMO3.SA,,Outros,,,,,,
DMVF3.SA,D1000 Varejo Farma Participações S.A.,Consumo Não Cíclico,,,,,,
DOCA3.SA,,Outros,,,,,,
DOCA4.SA,,Outros,,,,,,
DOHL3.SA,,Outros,,,,,,
DOHL4.SA,,Outros,,,,,,
DOTZ3.SA,Dotz S.A.,Tecnologia da Informação,,,,,,
DPPI3.SA,,Outros,,,,,,
DPPI4.SA,,Outros,,,,,,
DSUL3.SA,,Outros,,,,,,
DTCY3.SA,,Outros,,,,,,
DUFB11.SA,,Outros,,,,,,
DUQE3.SA,,Outros,,,,,,
DUQE4.SA,,Outros,,,,,,
DURA3.SA,Duratex S.A,Bens Industriais,,,,,,
DURA4.SA,Duratex S.A,Bens Industriais,,,,,,
DXCO3.SA,Dexco S.A.,Materiais Básicos,Madeira e Papel,2009-08-18,DURB3,97837181000147,ex-Duratex,
DXTG4.SA,,Outros,,,,,,
EALT3.SA,,Outros,,,,,,
EALT4.SA,Electro Aco Altona S.A.,Bens Industriais,,,,,,
EBCO3.SA,,Outros,,,,,,
EBCO4.SA,,Outros,,,,,,
EBEN4.SA,,Outros,,,,,,
EBTP3.SA,Embratel Participacoes S.A,Comunicações,,,,,,
EBTP4.SA,Embratel Participacoes S.A,Comunicações,,,,,,
ECIS3.SA,,Outros,,,,,,
ECIS4.SA,,Outros,,,,,,
ECOR3.SA,Ecorodovias Infraestrutura E Logística S.A.,Bens Industriais,,,,,,
ECPR3.SA,,Outros,,,,,,
ECPR4.SA,,Outros,,,,,,
EEEL3.SA,,Outros,,,,,,
EEEL4.SA,,Outros,,,,,,
EGGY3.SA,,Outros,,,,,,
EGIE3.SA,Engie Brasil Energia S.A.,Utilidade Pública,,,,,,
EKTR3.SA,,Outros,,,,,,
EKTR4.SA,,Outros,,,,,,
ELCA3.SA,Electra S.A,Materiais Básicos,,,,,,
ELCA4.SA,Electra S.A,Materiais Básicos,,,,,,
ELEK3.SA,,Outros,,,,,,
ELEK4.SA,,Outros,,,,,,
ELET3.SA,Eletrobras ON,Utilidade Pública,Energia Elétrica,1972-04-26,,,00001180000126,privatizada 2022
ELET5.SA,Centrais Eletricas Brasileiras S.A - Eletrobras,Utilidade Pública,,,,,,
ELET6.SA,Eletrobras PNB,Utilidade Pública,Energia Elétrica,1972-04-26,,,00001180000126,privatizada 2022
ELEV3.SA,Eleva Alimentos S.A,Consumo Não Cíclico,,,,,,
ELMD3.SA,,Outros,,,,,,
ELPL3.SA,Eletropaulo Metropolitana,Utilidade Pública,,,,,,
ELPL4.SA,Eletropaulo Metropolitana,Utilidade Pública,,,,,,
ELPL5.SA,Eletropaulo Metropolitana,Utilidade Pública,,,,,,
ELPL6.SA,Eletropaulo Metropolitana,Utilidade Pública,,,,,,
ELUM3.SA,,Outros,,,,,,
ELUM4.SA,,Outros,,,,,,
EMAE4.SA,Emae - Empresa Metropolitana De Aguas,Utilidade Pública,,,,,,
EMBJ3.SA,,Outros,,,,,,
EMBR3.SA,Embraer,Bens Industriais,Material de Transporte,2006-02-06,,,07689002000189,
ENAT3.SA,Enauta Participacoes S.A,Petróleo Gás e Biocombustíveis,,,,,,
ENBR3.SA,Edp - Energias Do Brasil S.A,Utilidade Pública,,,,,,
ENER3.SA,,Outros,,,,,,
ENER5.SA,,Outros,,,,,,
ENER6.SA,,Outros,,,,,,
ENEV3.SA,Eneva,Utilidade Pública,Energia Elétrica,2007-10-15,,MPXE3,04423567000121,ex-MPX Energia
ENGI11.SA,Energisa,Utilidade Pública,Energia Elétrica,2010-07-05,,,00864214000106,Unit (ON+PN)
ENGI3.SA,Energisa S.A.,Utilidade Pública,,,,,,
ENGI4.SA,Energisa S.A.,Utilidade Pública,,,,,,
ENJU3.SA,Enjoei S.A.,Consumo Cíclico,,,,,,
ENMT3.SA,Energisa Mato Grosso S.A,Utilidade Pública,,,,,,
ENMT4.SA,Energisa Mato Grosso S.A,Utilidade Pública,,,,,,
EPAR3.SA,Embpar Participacoes S.A.,Bens Industriais,,,,,,
EPAR4.SA,,Outros,,,,,,
EQPA3.SA,Equatorial Para Distribuidora De Energia S.A.,Utilidade Pública,,,,,,
EQPA5.SA,Equatorial Para Distribuidora De Energia S.A,Utilidade Pública,,,,,,
EQPA6.SA,Equatorial Para Distribuidora De Energia S.A,Utilidade Pública,,,,,,
EQPA7.SA,Equatorial Para Distribuidora De Energia S.A,Utilidade Pública,,,,,,
EQTL3.SA,Equatorial Energia,Utilidade Pública,Energia Elétrica,2006-04-03,,,03220438000173,
ESCE3.SA,,Outros,,,,,,
ESPA3.SA,Mpm Corpóreos S.A.,Consumo Cíclico,,,,,,
ESTC11.SA,Estacio Participacoes S.A Unt,Bens Industriais,,,,,,
ESTC4.SA,Estacio Participacoes S.A,Bens Industriais,,,,,,
ESTR3.SA,Manufatura De Brinquedos Estrela S.A,Consumo Cíclico,,,,,,
ESTR4.SA,Manufatura De Brinquedos Estrela S.A.,Consumo Cíclico,,,,,,
ETER3.SA,Eternit S.A.,Materiais Básicos,,,,,,
ETER4.SA,Eternit S.A,Materiais Básicos,,,,,,
EUCA3.SA,Eucatex S.A Industria E Comercio,Materiais Básicos,,,,,,
EUCA4.SA,Eucatex S.A. Industria E Comercio,Materiais Básicos,,,,,,
EVEN3.SA,Even Construtora E Incorporadora S.A.,Financeiro,,,,,,
EZTC3.SA,EZ Tec,Consumo Cíclico,Construção Civil,2007-06-22,,,08312229000173,
FBMC3.SA,,Outros,,,,,,
FBMC4.SA,,Outros,,,,,,
FBRA4.SA,,Outros,,,,,,
FCAP3.SA,,Outros,,,,,,
FCAP4.SA,,Outros,,,,,,
FESA3.SA,Cia Ferro Ligas Da Bahia - Ferbasa ON,Materiais Básicos,,,,,,
FESA4.SA,Cia Ferro Ligas Da Bahia - Ferbasa,Materiais Básicos,,,,,,
FFTL3.SA,,Outros,,,,,,
FFTL4.SA,,Outros,,,,,,
FGUI3.SA,,Outros,,,,,,
FGUI4.SA,,Outros,,,,,,
FHER3.SA,Fertilizantes Heringer S.A.,Materiais Básicos,,,,,,
FIBR3.SA,Fibria Celulose S.A,Materiais Básicos,,,,,,
FICT3.SA,Fictor Alimentos S.A,Bens Industriais,,,,,,
FIEI3.SA,,Outros,,,,,,
FIGE3.SA,,Outros,,,,,,
FIGE4.SA,,Outros,,,,,,
FIQE3.SA,Unifique Telecomunicações S.A.,Comunicações,,,,,,
FLCL3.SA,,Outros,,,,,,
FLCL5.SA,,Outros,,,,,,
FLCL6.SA,,Outros,,,,,,
FLRY3.SA,Fleury,Saúde,Serviços Médico Hospitalares,2009-12-17,,,60840055000131,
FRAS3.SA,Frasle Mobility S.A.,Bens Industriais,,,,,,
FRAS4.SA,Frasle Mobility S.A,Bens Industriais,,,,,,
FRIO3.SA,,Outros,,,,,,
FRTA3.SA,,Outros,,,,,,
FTRX3.SA,,Outros,,,,,,
FTRX4.SA,,Outros,,,,,,
GAFP3.SA,,Outros,,,,,,
GAFP4.SA,,Outros,,,,,,
GALO3.SA,,Outros,,,,,,
GALO4.SA,,Outros,,,,,,
GAZO3.SA,,Outros,,,,,,
GAZO4.SA,,Outros,,,,,,
GEPA3.SA,,Outros,,,,,,
GEPA4.SA,,Outros,,,,,,
GETI3.SA,Aes Tiete Energia S.A,Utilidade Pública,,,,,,
GETI4.SA,Aes Tiete Energia S.A,Utilidade Pública,,,,,,
GETT3.SA,,Outros,,,,,,
GETT4.SA,,Outros,,,,,,
GFSA3.SA,Gafisa S.A.,Financeiro,,,,,,
GGBR3.SA,Gerdau S.A.,Materiais Básicos,,,,,,
GGBR4.SA,Gerdau PN,Materiais Básicos,Siderurgia e Metalurgia,1969-01-01,,,33611500000119,
GGPS3.SA,Gps Participacoes E Empreendimentos S.A.,Bens Industriais,,,,,,
GLOB4.SA,,Outros,,,,,,
GMAT3.SA,Grupo Mateus S.A.,Consumo Cíclico,,,,,,
GNDI3.SA,Notredame Intermedica Participacoes S.A,Saúde,,,,,,
GOAU3.SA,Metalurgica Gerdau S.A.,Materiais Básicos,,,,,,
GOAU4.SA,Metalúrgica Gerdau PN,Materiais Básicos,Siderurgia e Metalurgia,1947-11-11,,,92690783000109,
GOLL3.SA,Gol Linhas Aéreas Inteligentes S.A.,Bens Industriais,Transporte,,,,06164253000187,Recuperação judicial (Chapter 11 filed 2024-01)
GOLL4.SA,Gol Linhas Aéreas Inteligentes S.A. PN,Bens Industriais,Transporte,,,,06164253000187,Recuperação judicial (Chapter 11 filed 2024-01)
GPAR3.SA,,Outros,,,,,,
GRND3.SA,Grendene S.A.,Consumo Não Cíclico,,,,,,
GRNL4.SA,,Outros,,,,,,
GSHP3.SA,,Outros,,,,,,
GUAR4.SA,Guararapes Confeccoes S.A,Consumo Não Cíclico,,,,,,
GVTT3.SA,,Outros,,,,,,
HAGA3.SA,Haga S.A. Industria E Comercio,Consumo Cíclico,,,,,,
HAGA4.SA,Haga S.A. Industria E Comercio,Consumo Cíclico,,,,,,
HAPV3.SA,Hapvida,Saúde,Serviços Médico Hospitalares,2018-04-25,,,05197443000138,
HBOR3.SA,Helbor Empreendimentos S.A.,Consumo Cíclico,,,,,,
HBRE3.SA,Hbr Realty Empreendimentos Imobiliarios S/A,Financeiro,,,,,,
HBSA3.SA,Hidrovias Do Brasil S.A.,Bens Industriais,,,,,,
HBTS5.SA,,Outros,,,,,,
HETA3.SA,,Outros,,,,,,
HETA4.SA,,Outros,,,,,,
HGTX3.SA,CIA Hering,Consumo Não Cíclico,,,,,,
HGTX4.SA,CIA Hering,Consumo Não Cíclico,,,,,,
HOOT4.SA,Hoteis Othon S.A.,Consumo Cíclico,,,,,,
HYPE3.SA,Hypera,Saúde,Comércio e Distribuição,2008-04-25,,,02932074000191,ex-Hypermarcas
ICPI3.SA,,Outros,,,,,,
IDVL11.SA,,Outros,,,,,,
IDVL3.SA,,Outros,,,,,,
IDVL4.SA,,Outros,,,,,,
IENG3.SA,,Outros,,,,,,
IENG5.SA,,Outros,,,,,,
IFCM3.SA,Infracommerce Cxaas S.A.,Consumo Não Cíclico,,,,,,
IGBR3.SA,,Outros,,,,,,
IGBR5.SA,,Outros,,,,,,
IGBR6.SA,,Outros,,,,,,
IGTA3.SA,Iguatemi Empresa De Shopping Centers S.A,Financeiro,,,,,,
IGTI11.SA,Iguatemi S.A.,Financeiro,,,,,,
IGTI3.SA,Iguatemi S.A.,Financeiro,,,,,,
IGUA3.SA,,Outros,,,,,,
IGUA5.SA,,Outros,,,,,,
IGUA6.SA,,Outros,,,,,,
ILLS4.SA,,Outros,,,,,,
ILMD3.SA,,Outros,,,,,,
ILMD4.SA,,Outros,,,,,,
IMBI3.SA,,Outros,,,,,,
IMBI4.SA,,Outros,,,,,,
IMCH3.SA,,Outros,,,,,,
INEP3.SA,Inepar S.A. Industria E Construcoes,Bens Industriais,,,,,,
INEP4.SA,Inepar S.A. Industria E Construcoes,Bens Industriais,,,,,,
INHA3.SA,,Outros,,,,,,
INTB3.SA,Intelbras S.A. Ind De Telec Eletronica Brasileira,Tecnologia da Informação,,,,,,
IRBR3.SA,Irb - Brasil Resseguros S.A.,Financeiro,,,,,,
ISAE3.SA,,Outros,,,,,,
ISAE4.SA,Isa Energia Brasil S.A,Utilidade Pública,,,,,,
ITEC3.SA,,Outros,,,,,,
ITSA3.SA,Itausa S.A.,Financeiro,,,,,,
ITSA4.SA,Itaúsa PN,Financeiro,Bancos,1974-03-22,,,61532644000115,
ITUB3.SA,Itau Unibanco Holding S.A.,Financeiro,,,,,,
ITUB4.SA,Itaú Unibanco PN,Financeiro,Bancos,1944-09-09,,,60872504000123,
IVTT3.SA,,Outros,,,,,,
JALL3.SA,Jalles Machado S.A.,Materiais Básicos,,,,,,
JBDU3.SA,J. Macedo S.A,Consumo Não Cíclico,,,,,,
JBSS3.SA,JBS,Consumo Não Cíclico,Alimentos Processados,2007-03-29,,,02916265000160,
JFAB4.SA,,Outros,,,,,,
JFEN3.SA,,Outros,,,,,,
JHSF3.SA,Jhsf Participacoes S.A.,Financeiro,,,,,,
JOPA3.SA,Josapar Joaquim Oliveira S.A Participacoes,Consumo Não Cíclico,,,,,,
JOPA4.SA,Josapar Joaquim Oliveira S.A Participacoes,Consumo Não Cíclico,,,,,,
JSLG3.SA,Jsl S.A.,Bens Industriais,,,,,,
KEPL3.SA,Kepler Weber S.A.,Bens Industriais,,,,,,
KLBN11.SA,Klabin,Materiais Básicos,Madeira e Papel,1979-12-12,,,89637490000145,Unit
KLBN3.SA,Klabin S.A.,Materiais Básicos,,,,,,
KLBN4.SA,Klabin S.A.,Materiais Básicos,,,,,,
KROT11.SA,Kroton Educacional S.A,Bens Industriais,,,,,,
KROT4.SA,Kroton Educacional S.A,Bens Industriais,,,,,,
KRSA3.SA,,Outros,,,,,,
KSSA3.SA,,Outros,,,,,,
LAME3.SA,Lojas Americanas S.A,Consumo Cíclico,,,,,,
LAME4.SA,Lojas Americanas S.A,Consumo Cíclico,,,,,,
LAND3.SA,Terra Santa Propriedades Agricolas S.A.,Financeiro,,,,,,
LATM11.SA,,Outros,,,,,,
LATS3.SA,,Outros,,,,,,
LAVV3.SA,Lavvi Empreendimentos Imobiliários S.A.,Financeiro,,,,,,
LCAM3.SA,CIA Locacao Das Americas,Financeiro,,,,,,
LCSA3.SA,,Outros,,,,,,
LCSA4.SA,,Outros,,,,,,
LECO3.SA,,Outros,,,,,,
LECO4.SA,,Outros,,,,,,
LETO3.SA,,Outros,,,,,,
LETO5.SA,,Outros,,,,,,
LEVE3.SA,Mahle-Metal Leve S.A.,Bens Industriais,,,,,,
LEVE4.SA,Mahle-Metal Leve S.A,Bens Industriais,,,,,,
LFFE3.SA,Le Lis Blanc Deux S.A,Consumo Não Cíclico,,,,,,
LFFE4.SA,Le Lis Blanc Deux S.A,Consumo Não Cíclico,,,,,,
LGLO4.SA,,Outros,,,,,,
LIGH3.SA,Light S.A,Utilidade Pública,,,,,,
LIGT3.SA,Light S.A.,Utilidade Pública,,,,,,
LINX3.SA,Linx S.A,Tecnologia da Informação,,,,,,
LIPR3.SA,Litel Participacoes S.A,Financeiro,,,,,,
LIXC3.SA,,Outros,,,,,,
LIXC4.SA,,Outros,,,,,,
LJQQ3.SA,Lojas Quero-Quero S/A,Consumo Cíclico,,,,,,
LOGG3.SA,Log Commercial Properties,Bens Industriais,,,,,,
LOGN3.SA,Log-In Logistica Intermodal S.A.,Bens Industriais,,,,,,
LPSB3.SA,Lps Brasil - Consultoria De Imoveis S.A.,Bens Industriais,,,,,,
LREN3.SA,Lojas Renner,Consumo Cíclico,Comércio,1967-01-01,,,92754738000162,
LREN4.SA,Lojas Renner S.A,Consumo Cíclico,,,,,,
LUPA11.SA,Lupatech S.A Unt,Bens Industriais,,,,,,
LUPA3.SA,Lupatech S.A.,Bens Industriais,,,,,,
LUXM3.SA,,Outros,,,,,,
LUXM4.SA,,Outros,,,,,,
LWSA3.SA,Lwsa S.A.,Tecnologia da Informação,,,,,,
MAGG3.SA,,Outros,,,,,,
MAGS3.SA,Magnesita Refratarios S.A,Materiais Básicos,,,,,,
MAPT3.SA,,Outros,,,,,,
MAPT4.SA,,Outros,,,,,,
MARI3.SA,,Outros,,,,,,
MATD3.SA,Hospital Mater Dei S/A,Saúde,,,,,,
MBRF3.SA,,Outros,,,,,,
MDIA3.SA,M.Dias Branco S.A. Ind Com De Alimentos,Consumo Não Cíclico,,,,,,
MDNE3.SA,Moura Dubeux Engenharia S/A,Financeiro,,,,,,
MEAL3.SA,International Meal Company Alimentacao S.A.,Consumo Cíclico,,,,,,
MEDI3.SA,,Outros,,,,,,
MELK3.SA,Melnick Desenvolvimento Imobiliário S.A.,Bens Industriais,,,,,,
MEND5.SA,,Outros,,,,,,
MEND6.SA,,Outros,,,,,,
MERC3.SA,Banco Mercantil Do Brasil S.A,Financeiro,,,,,,
MERC4.SA,Banco Mercantil Do Brasil S.A,Financeiro,,,,,,
MGEL3.SA,Magnesita Refratarios S.A,Materiais Básicos,,,,,,
MGEL4.SA,Magnesita Refratarios S.A,Materiais Básicos,,,,,,
MGLU3.SA,Magazine Luiza,Consumo Cíclico,Comércio,2011-05-02,,,47960950000121,
MILS3.SA,Mills Locação Serviços E Logística S.A,Financeiro,,,,,,
MLAS3.SA,Grupo Multi S.A.,Tecnologia da Informação,,,,,,
MLFT4.SA,,Outros,,,,,,
MLPA3.SA,,Outros,,,,,,
MLPA4.SA,,Outros,,,,,,
MMAQ3.SA,,Outros,,,,,,
MMAQ4.SA,,Outros,,,,,,
MMXM3.SA,,Outros,,,,,,
MNDL3.SA,Mundial S.A - Produtos De Consumo,Consumo Não Cíclico,,,,,,
MNDL4.SA,Mundial S.A - Produtos De Consumo,Consumo Não Cíclico,,,,,,
MNPR3.SA,Minupar Participacoes S.A.,Materiais Básicos,,,,,,
MNPR4.SA,,Outros,,,,,,
MNSA3.SA,Magazine Luiza S.A,Consumo Cíclico,,,,,,
MNSA4.SA,Magazine Luiza S.A,Consumo Cíclico,,,,,,
MOAR3.SA,,Outros,,,,,,
MODL11.SA,,Outros,,,,,,
MODL3.SA,,Outros,,,,,,
MODL4.SA,,Outros,,,,,,
MOSI3.SA,,Outros,,,,,,
MOTV3.SA,Motiva Infraestrutura De Mobilidade S.A.,Bens Industriais,,,,,,
MOVI3.SA,Movida Participacoes Sa,Financeiro,,,,,,
MPLU3.SA,,Outros,,,,,,
MRFG3.SA,Marfrig,Consumo Não Cíclico,Alimentos Processados,2007-06-29,,,03853896000140,
MRSL3.SA,Marisol S.A,Consumo Não Cíclico,,,,,,
MRSL4.SA,Marisol S.A,Consumo Não Cíclico,,,,,,
MRVE3.SA,MRV Engenharia,Consumo Cíclico,Construção Civil,2007-07-20,,,08343492000120,
MSAN3.SA,,Outros,,,,,,
MSAN4.SA,,Outros,,,,,,
MSPA3.SA,,Outros,,,,,,
MSPA4.SA,,Outros,,,,,,
MTBR3.SA,,Outros,,,,,,
MTBR4.SA,,Outros,,,,,,
MTIG3.SA,,Outros,,,,,,
MTIG4.SA,,Outros,,,,,,
MTRE3.SA,Mitre Realty Empreendimentos E Participações S.A.,Financeiro,,,,,,
MTSA4.SA,Metisa Metalurgica Timboense S.A.,Bens Industriais,,,,,,
MULT3.SA,Multiplan,Financeiro,Exploração de Imóveis,2007-07-26,,,07816890000153,
MWET3.SA,Wet Industria E Comercio Textil S.A,Consumo Não Cíclico,,,,,,
MWET4.SA,Wet Industria E Comercio Textil S.A,Consumo Não Cíclico,,,,,,
MYPK3.SA,Iochpe Maxion S.A.,Bens Industriais,,,,,,
MYPK4.SA,,Outros,,,,,,
NAFG3.SA,Nadir Figueiredo S.A,Bens Industriais,,,,,,
NAFG4.SA,Nadir Figueiredo S.A,Bens Industriais,,,,,,
NATU3.SA,Natura Cosmeticos S.A.,Consumo Não Cíclico,,,,,,
NEOE3.SA,Neoenergia S.A.,Utilidade Pública,Energia Elétrica,2019-07-01,,,01083200000118,
NETC3.SA,Net Servicos De Comunicacao S.A,Comunicações,,,,,,
NETC4.SA,Net Servicos De Comunicacao S.A,Comunicações,,,,,,
NEXP3.SA,,Outros,,,,,,
NGRD3.SA,Neogrid Participacoes S.A.,Tecnologia da Informação,,,,,,
NORD3.SA,,Outros,,,,,,
NTCO3.SA,Natura,Consumo Não Cíclico,Produtos de Uso Pessoal,2019-09-12,,,71673990000177,ex-Natura Cosméticos (NATU3)
NUTR3.SA,Nutriplant Industria E Comercio S.A.,Materiais Básicos,,,,,,
OBTC3.SA,Oranjebtc S.A - Educação E Investimento,Tecnologia da Informação,,,,,,
ODER3.SA,,Outros,,,,,,
ODER4.SA,,Outros,,,,,,
ODPV3.SA,OdontoPrev S.A.,Saúde,Serviços Médico Hospitalares,2006-12-01,,,58119199000151,
OFSA3.SA,,Outros,,,,,,
OGXP3.SA,Ogx Petroleo E Gas Participacoes S.A,Petróleo Gás e Biocombustíveis,,,,,,
OIBR3.SA,Oi S.A.,Comunicações,,,,,,
OIBR4.SA,Oi S.A.,Comunicações,,,,,,
OMGE3.SA,Omega Geracao S.A,Utilidade Pública,,,,,,
ONCO3.SA,Oncoclinicas Do Brasil Servicos Medicos S.A.,Saúde,,,,,,
OPCT3.SA,Oceanpact Servicos Maritimos S.A.,Bens Industriais,,,,,,
ORVR3.SA,Orizon Valorizacao De Residuos S.A.,Utilidade Pública,,,,,,
OSAO4.SA,,Outros,,,,,,
OSXB3.SA,Osx Brasil S.A,Bens Industriais,,,,,,
PALF11.SA,,Outros,,,,,,
PALF3.SA,,Outros,,,,,,
PALF5.SA,,Outros,,,,,,
PARD3.SA,Irb - Brasil Resseguros S.A,Financeiro,,,,,,
PASS3.SA,Compass Gas E Energia S.A.,Utilidade Pública,,,,,,
PATI3.SA,Patio Participacoes S.A,Financeiro,,,,,,
PATI4.SA,Patio Participacoes S.A,Financeiro,,,,,,
PCAR3.SA,GPA,Consumo Não Cíclico,Comércio e Distribuição,1995-05-03,PCAR4,47508411000156,,
PCAR4.SA,CIA Brasileira De Distribuicao,Consumo Cíclico,,,,,,
PCAR5.SA,,Outros,,,,,,
PDGR3.SA,Pdg Realty S.A. Empreend E Participacoes,Financeiro,,,,,,
PDTC3.SA,Padtec Holding S.A.,Tecnologia da Informação,,,,,,
PEAB3.SA,,Outros,,,,,,
PEAB4.SA,,Outros,,,,,,
PETR3.SA,Petrobras ON,Petróleo Gás e Biocombustíveis,Exploração Refino e Distribuição,1953-10-03,,,33000167000101,
PETR4.SA,Petrobras PN,Petróleo Gás e Biocombustíveis,Exploração Refino e Distribuição,1953-10-03,,,33000167000101,
PETZ3.SA,Pet Center Comercio E Participacoes S.A,Consumo Cíclico,,,,,,
PFRM3.SA,Profarma Distrib Prod Farmaceuticos S.A.,Consumo Não Cíclico,,,,,,
PGMN3.SA,Empreendimentos Pague Menos S.A.,Consumo Cíclico,,,,,,
PINE3.SA,,Outros,,,,,,
PINE4.SA,Bco Pine S.A.,Financeiro,,,,,,
PITI4.SA,,Outros,,,,,,
PLAS3.SA,,Outros,,,,,,
PLDN4.SA,,Outros,,,,,,
PLIM4.SA,,Outros,,,,,,
PLPL3.SA,Plano & Plano Desenvolvimento Imobiliário S.A.,Financeiro,,,,,,
PLTO5.SA,,Outros,,,,,,
PLTO6.SA,,Outros,,,,,,
PMAM3.SA,Paranapanema S.A.,Materiais Básicos,,,,,,
PMAM4.SA,Paranapanema S.A,Materiais Básicos,,,,,,
PMET3.SA,,Outros,,,,,,
PMET5.SA,,Outros,,,,,,
PMET6.SA,,Outros,,,,,,
PNOR5.SA,,Outros,,,,,,
PNOR6.SA,,Outros,,,,,,
PNVL3.SA,Dimed S.A. Distribuidora De Medicamentos,Consumo Cíclico,,,,,,
PNVL4.SA,Dimed S.A. Distribuidora De Medicamentos PN,Consumo Cíclico,,,,,,
POMO3.SA,Marcopolo S.A.,Bens Industriais,,,,,,
POMO4.SA,Marcopolo S.A.,Bens Industriais,,,,,,
POPR4.SA,,Outros,,,,,,
PORP4.SA,,Outros,,,,,,
PORT3.SA,,Outros,,,,,,
POSI3.SA,Positivo Tecnologia S.A.,Tecnologia da Informação,,,,,,
POWE3.SA,,Outros,,,,,,
PQUN3.SA,,Outros,,,,,,
PQUN4.SA,,Outros,,,,,,
PRBC3.SA,,Outros,,,,,,
PRBC4.SA,,Outros,,,,,,
PRGA4.SA,Perdigao S.A,Consumo Não Cíclico,,,,,,
PRIO3.SA,PetroRio,Petróleo Gás e Biocombustíveis,Exploração Refino e Distribuição,2007-06-15,,HRTP3,10629105000168,ex-HRT
PRML3.SA,,Outros,,,,,,
PRNR3.SA,Priner Serviços Industriais S.A.,Bens Industriais,,,,,,
PRTX3.SA,,Outros,,,,,,
PRVI3.SA,,Outros,,,,,,
PSSA3.SA,Porto Seguro S.A.,Financeiro,,,,,,
PTBL3.SA,Pbg S/A,Bens Industriais,,,,,,
PTBL4.SA,,Outros,,,,,,
PTIP3.SA,,Outros,,,,,,
PTIP4.SA,,Outros,,,,,,
PTNT3.SA,,Outros,,,,,,
PTNT4.SA,Pettenati S.A. Industria Textil,Materiais Básicos,,,,,,
PTPA3.SA,,Outros,,,,,,
PTPA4.SA,,Outros,,,,,,
PTQS4.SA,,Outros,,,,,,
QUAL3.SA,Qualicorp Consultoria E Corretora De Seguros S.A.,Saúde,,,,,,
RADL3.SA,Raia Drogasil,Saúde,Comércio e Distribuição,2011-04-26,,,61585865000151,
RAIA3.SA,Raia S.A,Consumo Cíclico,,,,,,
RAIL3.SA,Rumo,Bens Industriais,Transporte,2015-04-01,ALLL3,02387241000160,,
RAIZ4.SA,Raízen,Petróleo Gás e Biocombustíveis,Exploração Refino e Distribuição,2021-08-04,,,33453598000123,
RANI3.SA,Irani Papel E Embalagem S.A.,Materiais Básicos,,,,,,
RANI4.SA,,Outros,,,,,,
RAPT3.SA,Randoncorp S.A.,Bens Industriais,,,,,,
RAPT4.SA,Randoncorp S.A.,Bens Industriais,,,,,,
RCSL3.SA,Recrusul S.A.,Bens Industriais,,,,,,
RCSL4.SA,Recrusul S.A,Bens Industriais,,,,,,
RDCD3.SA,,Outros,,,,,,
RDNI3.SA,Rni Incorporadora S.A,Consumo Cíclico,,,,,,
RDOR3.SA,Rede D'Or São Luiz,Saúde,Serviços Médico Hospitalares,2020-12-09,,,06047087000139,
RDTR3.SA,,Outros,,,,,,
RECV3.SA,Petrorecôncavo S.A.,Petróleo Gás e Biocombustíveis,,,,,,
REDE3.SA,Rede Energia Participações S.A.,Utilidade Pública,,,,,,
REDE4.SA,,Outros,,,,,,
REEM4.SA,,Outros,,,,,,
RENT3.SA,Localiza,Consumo Cíclico,Diversos,2005-05-19,,,16670085000155,fusão com Unidas 2022
RENT4.SA,Localiza Rent A Car S.A.,Financeiro,,,,,,
REPA3.SA,,Outros,,,,,,
REPA4.SA,,Outros,,,,,,
RGEG3.SA,,Outros,,,,,,
RHDS3.SA,,Outros,,,,,,
RHDS4.SA,,Outros,,,,,,
RIAA3.SA,,Outros,,,,,,
RIOS3.SA,,Outros,,,,,,
RIPI3.SA,Refinaria De Petroleos De Manguinhos S.A,Petróleo Gás e Biocombustíveis,,,,,,
RIPI4.SA,Refinaria De Petroleos De Manguinhos S.A,Petróleo Gás e Biocombustíveis,,,,,,
RJCP3.SA,,Outros,,,,,,
RLOG3.SA,Cosan Logistica S.A,Bens Industriais,,,,,,
RNEW11.SA,,Outros,,,,,,
RNEW3.SA,Renova Energia S.A.,Utilidade Pública,,,,,,
RNEW4.SA,Renova Energia S.A.,Utilidade Pública,,,,,,
RNPT3.SA,Rio Negro Participacoes S.A,Financeiro,,,,,,
RNPT4.SA,Rio Negro Participacoes S.A,Financeiro,,,,,,
ROMI3.SA,Romi S.A.,Bens Industriais,,,,,,
ROMI4.SA,,Outros,,,,,,
RPAD3.SA,Alfa Holdings S.A,Financeiro,,,,,,
RPAD5.SA,Alfa Holdings S.A,Financeiro,,,,,,
RPAD6.SA,Alfa Holdings S.A,Financeiro,,,,,,
RPMG3.SA,Refinaria De Petroleos De Manguinhos S.A,Petróleo Gás e Biocombustíveis,,,,,,
RPMG4.SA,Refinaria De Petroleos De Manguinhos S.A,Petróleo Gás e Biocombustíveis,,,,,,
RPSA4.SA,,Outros,,,,,,
RRRP3.SA,3R Petroleum Oleo E Gas S.A,Petróleo Gás e Biocombustíveis,,,,,,
RSID3.SA,Rossi Residencial S.A,Consumo Cíclico,,,,,,
RSIP3.SA,,Outros,,,,,,
RSIP4.SA,,Outros,,,,,,
RSUL4.SA,,Outros,,,,,,
RVEE3.SA,,Outros,,,,,,
SALM3.SA,,Outros,,,,,,
SALM4.SA,,Outros,,,,,,
SANB11.SA,Santander Brasil,Financeiro,Bancos,2009-10-07,,,90400888000142,Unit
SANB3.SA,Bco Santander (Brasil) S.A.,Financeiro,,,,,,
SANB4.SA,Bco Santander (Brasil) S.A.,Financeiro,,,,,,
SAPR11.SA,Cia Saneamento Do Parana - Sanepar,Utilidade Pública,,,,,,
SAPR3.SA,Cia Saneamento Do Parana - Sanepar,Utilidade Pública,,,,,,
SAPR4.SA,Cia Saneamento Do Parana - Sanepar,Utilidade Pública,,,,,,
SASG3.SA,,Outros,,,,,,
SAUD3.SA,,Outros,,,,,,
SBFG3.SA,Grupo Sbf Sa,Consumo Cíclico,,,,,,
SBSP3.SA,Sabesp,Utilidade Pública,Água e Saneamento,1997-04-21,,,43776517000180,
SCAR3.SA,Sao Carlos Empreend E Participacoes S.A.,Financeiro,,,,,,
SCAR4.SA,Sao Carlos Empreend E Participacoes S.A,Financeiro,,,,,,
SCLO3.SA,,Outros,,,,,,
SCLO4.SA,,Outros,,,,,,
SDIA3.SA,Sadia S.A,Consumo Não Cíclico,,,,,,
SDIA4.SA,Sadia S.A,Consumo Não Cíclico,,,,,,
SEBB11.SA,,Outros,,,,,,
SEBB3.SA,,Outros,,,,,,
SEBB4.SA,,Outros,,,,,,
SEDU3.SA,,Outros,,,,,,
SEER3.SA,Ser Educacional S.A.,Consumo Cíclico,,,,,,
SEMP3.SA,,Outros,,,,,,
SEQL3.SA,Sequoia Logistica E Transportes S.A,Bens Industriais,,,,,,
SFSA3.SA,,Outros,,,,,,
SFSA4.SA,,Outros,,,,,,
SGEN3.SA,,Outros,,,,,,
SGEN4.SA,,Outros,,,,,,
SGPS3.SA,,Outros,,,,,,
SHOW3.SA,T4F Entretenimento S.A.,Consumo Cíclico,,,,,,
SHUL4.SA,Schulz S.A.,Bens Industriais,,,,,,
SIMH3.SA,Simpar S.A.,Bens Industriais,,,,,,
SJOS3.SA,,Outros,,,,,,
SJOS4.SA,,Outros,,,,,,
SLCE3.SA,SLC Agrícola,Consumo Não Cíclico,Agropecuária,2007-06-15,,,89096457000155,
SLCP3.SA,,Outros,,,,,,
SLED3.SA,Saraiva Livreiros S.A,Consumo Cíclico,,,,,,
SLED4.SA,Saraiva Livreiros S.A,Consumo Cíclico,,,,,,
SMFT3.SA,Smartfit Escola De Ginástica E Dança S.A.,Consumo Cíclico,,,,,,
SMLE3.SA,,Outros,,,,,,
SMLS3.SA,Smiles Fidelidade S.A,Bens Industriais,,,,,,
SMTO3.SA,São Martinho,Consumo Não Cíclico,Alimentos Processados,2007-02-12,,,51466860000156,
SNSY5.SA,Sansuy S.A. Industria De Plasticos,Bens Industriais,,,,,,
SOJA3.SA,Boa Safra Sementes S.A.,Materiais Básicos,,,,,,
SOMA3.SA,Grupo De Moda Soma S.A,Consumo Não Cíclico,,,,,,
SOND3.SA,,Outros,,,,,,
SOND5.SA,,Outros,,,,,,
SOND6.SA,,Outros,,,,,,
SPRI3.SA,,Outros,,,,,,
SPRI5.SA,,Outros,,,,,,
SPRI6.SA,,Outros,,,,,,
SQIA3.SA,,Outros,,,,,,
SRNA3.SA,,Outros,,,,,,
STBP11.SA,,Outros,,,,,,
STBP3.SA,Santos Brasil,Bens Industriais,Transporte,2006-10-13,,,02762121000104,
STRP4.SA,,Outros,,,,,,
SUBA3.SA,,Outros,,,,,,
SULA11.SA,Sul America S.A,Financeiro,,,,,,
SULA3.SA,Sul America S.A,Financeiro,,,,,,
SULA4.SA,Sul America S.A,Financeiro,,,,,,
SULT3.SA,,Outros,,,,,,
SULT4.SA,,Outros,,,,,,
SUZA4.SA,,Outros,,,,,,
SUZB3.SA,Suzano Papel e Celulose,Materiais Básicos,Madeira e Papel,2018-04-04,SUZB5|FIBR3,16404287000155,fusão Suzano + Fibria,
SUZB5.SA,Suzano Papel E Celulose S.A,Materiais Básicos,,,,,,
SUZB6.SA,Suzano Papel E Celulose S.A,Materiais Básicos,,,,,,
SYNE3.SA,Syn Prop E Tech S.A.,Financeiro,,,,,,
SZPQ4.SA,,Outros,,,,,,
TAEE11.SA,Taesa,Utilidade Pública,Energia Elétrica,2006-06-27,,,07859971000130,Unit
TAEE3.SA,Transmissora Aliança De Energia Elétrica S.A.,Bens Industriais,,,,,,
TAEE4.SA,Transmissora Aliança De Energia Elétrica S.A.,Bens Industriais,,,,,,
TAMM3.SA,,Outros,,,,,,
TAMM4.SA,,Outros,,,,,,
TANC4.SA,,Outros,,,,,,
TARP11.SA,,Outros,,,,,,
TASA3.SA,Taurus Armas S.A,Tecnologia da Informação,,,,,,
TASA4.SA,Taurus Armas S.A.,Tecnologia da Informação,,,,,,
TBLE5.SA,Tractebel Energia S.A,Utilidade Pública,,,,,,
TBLE6.SA,Tractebel Energia S.A,Utilidade Pública,,,,,,
TCNO3.SA,,Outros,,,,,,
TCNO4.SA,,Outros,,,,,,
TCOC3.SA,Tele Centro Oeste Celular Participacoes S.A,Comunicações,,,,,,
TCOC4.SA,Tele Centro Oeste Celular Participacoes S.A,Comunicações,,,,,,
TCSA3.SA,Tecnisa S.A.,Financeiro,,,,,,
TCSL4.SA,,Outros,,,,,,
TDBH3.SA,,Outros,,,,,,
TDBH4.SA,,Outros,,,,,,
TECN3.SA,Technos S.A.,Consumo Cíclico,,,,,,
TEFC11.SA,,Outros,,,,,,
TEKA3.SA,,Outros,,,,,,
TEKA4.SA,,Outros,,,,,,
TELB3.SA,Telebras - Telecomunicacoes Brasileiras S.A,Comunicações,,,,,,
TELB4.SA,Telebras - Telecomunicacoes Brasileiras S.A,Comunicações,,,,,,
TEMP3.SA,,Outros,,,,,,
TEND3.SA,Construtora Tenda S.A.,Financeiro,,,,,,
TENE5.SA,,Outros,,,,,,
TENE7.SA,,Outros,,,,,,
TERI3.SA,,Outros,,,,,,
TESA3.SA,,Outros,,,,,,
TFCO4.SA,Track & Field Co S.A.,Consumo Cíclico,,,,,,
TGMA3.SA,Tegma Gestao Logistica S.A.,Bens Industriais,,,,,,
TIET11.SA,Aes Tiete Energia S.A Unt,Utilidade Pública,,,,,,
TIET3.SA,Aes Tiete Energia S.A,Utilidade Pública,,,,,,
TIET4.SA,Aes Tiete Energia S.A,Utilidade Pública,,,,,,
TIMP3.SA,Tim Participacoes S.A,Comunicações,,,,,,
TIMS3.SA,TIM Brasil,Comunicações,Telefonia Fixa,2020-08-31,TIMP3,02421421000111,ex-TIM Participações,
TKNO4.SA,Tekno S.A - Industria E Comercio,Materiais Básicos,,,,,,
TLCP3.SA,,Outros,,,,,,
TLCP4.SA,,Outros,,,,,,
TMAR3.SA,Tele Norte Leste Participacoes S.A,Comunicações,,,,,,
TMAR5.SA,Tele Norte Leste Participacoes S.A,Comunicações,,,,,,
TMAR6.SA,Tele Norte Leste Participacoes S.A,Comunicações,,,,,,
TMCP3.SA,Tim Celular S.A,Comunicações,,,,,,
TMCP4.SA,Tim Celular S.A,Comunicações,,,,,,
TMGC11.SA,,Outros,,,,,,
TMGC3.SA,,Outros,,,,,,
TMGC7.SA,,Outros,,,,,,
TNCP3.SA,,Outros,,,,,,
TNCP4.SA,,Outros,,,,,,
TNEP3.SA,,Outros,,,,,,
TNEP4.SA,,Outros,,,,,,
TNLP3.SA,Telemar Norte Leste S.A,Comunicações,,,,,,
TNLP4.SA,Telemar Norte Leste S.A,Comunicações,,,,,,
TOKY3.SA,,Outros,,,,,,
TOTS3.SA,Totvs,Tecnologia da Informação,Programas e Serviços,2006-03-09,,,53113791000122,
TOYB3.SA,,Outros,,,,,,
TOYB4.SA,,Outros,,,,,,
TPIS3.SA,Tpi - Triunfo Particip. E Invest. S.A.,Bens Industriais,,,,,,
TPRC3.SA,,Outros,,,,,,
TPRC6.SA,,Outros,,,,,,
TRAD3.SA,Tc S.A.,Tecnologia da Informação,,,,,,
TRFO3.SA,Triunfo Participacoes E Investimentos S.A,Bens Industriais,,,,,,
TRFO4.SA,Triunfo Participacoes E Investimentos S.A,Bens Industriais,,,,,,
TRIS3.SA,Trisul S.A.,Consumo Cíclico,,,,,,
TROR3.SA,,Outros,,,,,,
TROR4.SA,,Outros,,,,,,
TRPL3.SA,Isa Cteep,Utilidade Pública,,,,,,
TRPL4.SA,ISA CTEEP - Cia Transmissão Energia Elétrica Paulista PN,Utilidade Pública,Energia Elétrica,,,,02998611000104,
TRPN3.SA,,Outros,,,,,,
TSEP3.SA,,Outros,,,,,,
TSEP4.SA,,Outros,,,,,,
TSPP3.SA,,Outros,,,,,,
TSPP4.SA,,Outros,,,,,,
TTEN3.SA,Três Tentos Agroindustrial S/A,Bens Industriais,,,,,,
TUPY3.SA,Tupy S.A.,Bens Industriais,,,,,,
TUPY4.SA,Tupy S.A,Bens Industriais,,,,,,
TVIT3.SA,,Outros,,,,,,
TXRX3.SA,,Outros,,,,,,
TXRX4.SA,,Outros,,,,,,
UBBR11.SA,Unibanco Unt,Financeiro,,,,,,
UBBR3.SA,Unibanco Holdings S.A,Financeiro,,,,,,
UBBR4.SA,Unibanco Holdings S.A,Financeiro,,,,,,
UCAS3.SA,Unicasa Indústria De Móveis S.A.,Consumo Cíclico,,,,,,
UCOP4.SA,,Outros,,,,,,
UGPA3.SA,Ultrapar,Petróleo Gás e Biocombustíveis,Exploração Refino e Distribuição,1999-10-06,,,33256439000139,
UGPA4.SA,,Outros,,,,,,
UNIP3.SA,Unipar Carbocloro S.A.,Materiais Básicos,,,,,,
UNIP5.SA,Unipar Carbocloro S.A,Materiais Básicos,,,,,,
UNIP6.SA,Unipar Carbocloro S.A.,Materiais Básicos,,,,,,
UOLL4.SA,,Outros,,,,,,
USIM3.SA,Usinas Sid De Minas Gerais S.A.-Usiminas,Materiais Básicos,,,,,,
USIM5.SA,Usiminas PNA,Materiais Básicos,Siderurgia e Metalurgia,1956-04-25,,,60894730000105,
USIM6.SA,,Outros,,,,,,
VAGV3.SA,,Outros,,,,,,
VAGV4.SA,,Outros,,,,,,
VALE3.SA,Vale,Materiais Básicos,Mineração,1968-12-13,,,33592510000154,
VALE5.SA,Vale S.A,Materiais Básicos,,,,,,
VAMO3.SA,Vamos,Bens Industriais,Diversos,2021-01-29,,,10227519000106,
VBBR3.SA,Vibra Energia,Petróleo Gás e Biocombustíveis,Exploração Refino e Distribuição,2017-12-12,BRDT3,34274233000102,ex-BR Distribuidora,
VCPA4.SA,,Outros,,,,,,
VGOR3.SA,,Outros,,,,,,
VGOR4.SA,,Outros,,,,,,
VIGR3.SA,,Outros,,,,,,
VINE3.SA,,Outros,,,,,,
VINE5.SA,,Outros,,,,,,
VITT3.SA,Vittia S.A.,Materiais Básicos,,,,,,
VIVA3.SA,Vivara Participaçoes S.A,Consumo Cíclico,,,,,,
VIVO3.SA,Telefonica Vivo Participacoes S.A,Comunicações,,,,,,
VIVO4.SA,Telefonica Vivo Participacoes S.A,Comunicações,,,,,,
VIVR3.SA,Viver Incorporadora E Construtora S.A.,Consumo Cíclico,,,,,,
VIVT3.SA,Telefônica Brasil,Comunicações,Telefonia Fixa,1998-09-21,VIVT4,02558157000162,,
VIVT4.SA,Telefonica Brasil S.A,Comunicações,,,,,,
VLID3.SA,Valid Soluções S.A.,Bens Industriais,,,,,,
VNET3.SA,,Outros,,,,,,
VPSC3.SA,,Outros,,,,,,
VPSC4.SA,,Outros,,,,,,
VPTA3.SA,Votorantim Cimentos S.A,Materiais Básicos,,,,,,
VPTA4.SA,Votorantim Cimentos S.A,Materiais Básicos,,,,,,
VSPT3.SA,,Outros,,,,,,
VSPT4.SA,,Outros,,,,,,
VSTE3.SA,Veste S.A. Estilo,Consumo Não Cíclico,,,,,,
VTLM3.SA,,Outros,,,,,,
VTRU3.SA,Vitru Educação S.A,Bens Industriais,,,,,,
VULC3.SA,Vulcabras S.A.,Consumo Não Cíclico,,,,,,
VULC4.SA,,Outros,,,,,,
VVAR11.SA,Via Varejo S.A Unt,Consumo Cíclico,,,,,,
VVAR4.SA,Via Varejo S.A,Consumo Cíclico,,,,,,
VVAX3.SA,,Outros,,,,,,
VVAX4.SA,,Outros,,,,,,
VVEO3.SA,Cm Hospitalar S.A.,Consumo Não Cíclico,,,,,,
WDCN3.SA,Wdc Networks S.A.,Consumo Não Cíclico,,,,,,
WEGE3.SA,WEG,Bens Industriais,Máquinas e Equipamentos,1971-12-22,,,84429695000111,
WEGE4.SA,Weg S.A,Bens Industriais,,,,,,
WEST3.SA,Westwing Comercio Varejista S.A.,Consumo Cíclico,,,,,,
WHRL3.SA,Whirlpool S.A,Consumo Cíclico,,,,,,
WHRL4.SA,Whirlpool S.A.,Consumo Cíclico,,,,,,
WISA3.SA,,Outros,,,,,,
WISA4.SA,,Outros,,,,,,
WIZC3.SA,Wiz Co Participações E Corretagem De Seguros S.A.,Financeiro,,,,,,
WLMM3.SA,,Outros,,,,,,
WLMM4.SA,,Outros,,,,,,
WMBY3.SA,,Outros,,,,,,
YDUQ3.SA,Yduqs,Consumo Cíclico,Diversos,2013-04-15,ESTC3,08807432000110,ex-Estácio Participações,
ZAMP3.SA,Zamp S.A,Consumo Cíclico,,,,,,
